Id,Date,Open,High,Low,Close,Volume
1,1/9/2014,80.54,80.8,80.03,80.42,10839420
2,1/10/2014,80.59,80.89,80.2,80.3,8452355
3,1/13/2014,80.01,80.5,79.69,80.01,9366118
4,1/14/2014,80.06,80.92,80.02,80.87,8737186
5,1/15/2014,80.7,81.18,80.25,80.79,8223578
6,1/16/2014,80.65,80.83,80.26,80.56,11673888
7,1/17/2014,80.42,80.64,79.8,79.88,13633468
8,1/21/2014,80.59,80.72,79.54,80.18,13216873
9,1/22/2014,79.57,79.88,79.05,79.23,8455602
10,1/23/2014,78.71,78.97,78.12,78.24,12674650
11,1/24/2014,79.33,81.7,79.05,79.18,20190733
12,1/27/2014,79.24,79.3,78.42,78.47,10396538
13,1/28/2014,78.67,79.52,78.43,79.11,10061868
14,1/29/2014,78.8,78.8,77.38,77.64,13443126
15,1/30/2014,78.05,78.05,76.77,76.87,9462515
16,1/31/2014,76.03,77.19,75.26,76.62,12996679
17,2/3/2014,76.69,76.76,75.6,75.7,14304728
18,2/4/2014,76,76.39,75.4,76.09,15598441
19,2/5/2014,75.94,76.8,75.67,76.45,9734258
20,2/6/2014,76.53,76.99,76.48,76.9,7821991
21,2/7/2014,76.99,77.39,76.75,77.31,7301419
22,2/10/2014,77.43,78.09,77.19,78.03,8964308
23,2/11/2014,78.1,79.11,77.64,78.84,10516106
24,2/12/2014,78.13,78.53,77.06,77.49,11035220
25,2/13/2014,77.09,77.92,77,77.8,7422665
26,2/14/2014,77.69,79.75,77.25,79.4,10819496
27,2/18/2014,79.48,79.63,77.56,77.97,15763668
28,2/19/2014,77.64,78.96,77.55,78.14,8740119
29,2/20/2014,77.96,78.44,77.5,77.92,8275272
30,2/21/2014,78.05,78.89,77.91,77.97,8095885
31,2/24/2014,78.03,78.77,77.61,77.86,7838896
32,2/25/2014,77.73,78.31,77.4,78.12,8182444
33,2/26/2014,78.23,78.77,77.82,77.86,7772528
34,2/27/2014,77.77,78.23,77.56,78.19,6549833
35,2/28/2014,78.24,78.91,78.01,78.66,8489944
36,3/3/2014,78.26,78.41,77.35,77.48,8609593
37,3/4/2014,78.09,78.72,77.9,78.45,8306976
38,3/5/2014,78.32,78.41,77.55,77.82,8542659
39,3/6/2014,78.04,78.44,77.84,78.06,6475573
40,3/7/2014,78.41,78.6,78.11,78.38,5865449
41,3/10/2014,78.29,78.57,78.2,78.53,5233421
42,3/11/2014,78.59,79.39,78.57,78.95,6599692
43,3/12/2014,78.66,79.45,78.62,79.24,7470100
44,3/13/2014,79.32,79.76,79.19,79.19,9676644
45,3/14/2014,79.1,79.23,78.67,78.98,14850696
46,3/17/2014,79.02,79.95,79.02,79.84,8452219
47,3/18/2014,79.84,80.08,79.51,79.77,7703150
48,3/19/2014,79.68,79.91,78.51,78.78,8607176
49,3/20/2014,78.7,78.93,78.15,78.32,8659509
50,3/21/2014,79.04,79.75,77.88,77.88,21250203
51,3/24/2014,78.5,79.83,78.47,79.3,11221570
52,3/25/2014,79.52,79.99,79.44,79.81,8892450
53,3/26/2014,80.03,80.18,79.33,79.5,8270011
54,3/27/2014,79.55,80.43,79.38,79.65,8134097
55,3/28/2014,79.94,80.32,79.52,79.76,6413509
56,3/31/2014,80,80.83,79.55,80.6,8493091
57,4/1/2014,80.6,80.84,80.21,80.34,8222389
58,4/2/2014,80.19,80.33,79.8,80.13,6741754
59,4/3/2014,80.28,80.58,79.93,80.1,5647193
60,4/4/2014,80.47,80.56,79.75,79.77,8649667
61,4/7/2014,80.02,81.07,79.93,80.49,13228988
62,4/8/2014,80.51,81.38,80.02,81.35,11886367
63,4/9/2014,81.8,82.24,81.32,81.49,11555284
64,4/10/2014,81.58,82.13,80.89,81.09,12202694
65,4/11/2014,80.98,81.66,80.5,80.76,11831591
66,4/14/2014,81,81.2,80.51,80.81,7105587
67,4/15/2014,80.79,81.09,80.52,80.84,9007674
68,4/16/2014,81.28,81.88,81.03,81.65,8301006
69,4/17/2014,81.47,81.89,81.34,81.76,8374713
70,4/21/2014,81.81,81.81,81.29,81.56,6395150
71,4/22/2014,81.54,81.67,81.15,81.25,9260267
72,4/23/2014,80.72,80.72,79.38,80.36,9580599
73,4/24/2014,80.26,81.38,80.01,81.15,9528562
74,4/25/2014,81.2,81.58,80.97,81.41,7497404
75,4/28/2014,81.54,82.98,81.51,82.94,11595127
76,4/29/2014,82.75,82.95,82.36,82.44,7214281
77,4/30/2014,82.39,82.75,82.24,82.55,6253243
78,5/1/2014,82.39,82.47,81.76,82.34,5312492
79,5/2/2014,82.22,82.6,81.75,81.92,6629371
80,5/5/2014,81.64,81.88,81.47,81.7,4563610
81,5/6/2014,81.76,81.76,81.12,81.13,4591267
82,5/7/2014,81.45,82.14,81.42,82.09,6639614
83,5/8/2014,82.06,82.32,81.82,82.16,4631207
84,5/9/2014,82.2,82.8,82.14,82.39,7303502
85,5/12/2014,82.61,82.71,81.71,81.73,7859053
86,5/13/2014,81.94,81.98,81.42,81.61,6540218
87,5/14/2014,81.74,81.91,81.12,81.17,6872657
88,5/15/2014,81.25,81.37,80.44,80.53,9402103
89,5/16/2014,80.63,80.76,80,80.33,11559255
90,5/19/2014,80.01,80.05,79.54,79.93,6073538
91,5/20/2014,80.02,80.58,79.97,80.23,7057232
92,5/21/2014,80.34,80.67,80.02,80.49,6339794
93,5/22/2014,80.37,80.67,80.05,80.65,5561257
94,5/23/2014,80.51,80.85,80.4,80.52,4472635
95,5/27/2014,80.55,80.58,80.05,80.08,7004714
96,5/28/2014,80.03,80.28,80.02,80.1,4201377
97,5/29/2014,80.1,80.4,80.08,80.4,3886779
98,5/30/2014,80.25,80.85,80.17,80.79,7432199
99,6/2/2014,80.66,80.67,80.29,80.36,4331701
100,6/3/2014,80.04,80.3,79.6,79.93,6970914
101,6/4/2014,80,80.22,79.64,79.86,5427687
102,6/5/2014,80.11,80.31,79.97,80.11,5788203
103,6/6/2014,80.09,80.24,79.82,80.03,5521710
104,6/9/2014,79.91,80.24,79.85,80.09,6352506
105,6/10/2014,80.03,80.3,80,80.15,5658366
106,6/11/2014,80.05,80.3,79.88,80.06,7453733
107,6/12/2014,79.82,80.03,79.69,79.76,6526949
108,6/13/2014,79.73,79.94,79.5,79.64,5214278
109,6/16/2014,79.52,79.94,79.11,79.69,5334617
110,6/17/2014,79.61,79.79,79.35,79.58,5337668
111,6/18/2014,79.44,79.94,79.13,79.79,9618007
112,6/19/2014,79.85,80.57,79.8,80.24,12493024
113,6/20/2014,80.44,80.5,79.82,79.93,11664486
114,6/23/2014,80.06,80.06,79.36,79.52,6947701
115,6/24/2014,79.42,79.44,78.92,79.01,8157305
116,6/25/2014,79.04,79.36,78.65,79.32,12569262
117,6/26/2014,79.24,79.29,78.59,78.62,7262067
118,6/27/2014,78.6,79.19,78.52,79.02,8975304
119,6/30/2014,79.01,79.46,78.43,78.59,10303230
120,7/1/2014,78.87,79.41,78.5,79.28,8426276
121,7/2/2014,79.56,79.86,79.44,79.56,6282586
122,7/3/2014,79.93,80.14,79.64,79.98,5501056
123,7/7/2014,79.75,80.2,79.66,80.19,6674885
124,7/8/2014,80.03,80.85,79.91,80.56,9150185
125,7/9/2014,80.66,81.8,80.5,81.67,12120399
126,7/10/2014,81.27,81.91,81.19,81.61,8786489
127,7/11/2014,81.06,81.57,81,81.16,7519293
128,7/14/2014,81.36,81.74,81.3,81.32,6806097
129,7/15/2014,81.51,81.52,81.09,81.26,9638650
130,7/16/2014,80.9,81.2,80.75,80.94,8946279
131,7/17/2014,80.99,81.22,80.39,80.4,5853408
132,7/18/2014,80.55,80.75,80.16,80.55,6507017
133,7/21/2014,80.33,80.4,79.95,80.28,4439218
134,7/22/2014,80.29,80.58,79.77,80.1,6073192
135,7/23/2014,80.33,80.5,79.82,79.99,5891317
136,7/24/2014,80.12,80.32,79.85,80.26,6273126
137,7/25/2014,80.02,80.16,79.37,79.56,6293364
138,7/28/2014,79.41,79.62,78.85,79.26,6757259
139,7/29/2014,79.09,79.5,78.65,78.65,6425591
140,7/30/2014,78.7,79.01,78.14,78.16,8296537
141,7/31/2014,77.76,78.01,77.29,77.32,11239379
142,8/1/2014,79.25,80.67,78.83,79.65,18110864
143,8/4/2014,79.46,79.46,78.66,79.22,12075293
144,8/5/2014,78.99,79.74,78.98,79.41,7995884
145,8/6/2014,79.4,81.3,79.27,81.09,12839049
146,8/7/2014,81.02,81.18,80.01,80.14,7912807
147,8/8/2014,80.05,81.03,80.04,80.95,6215609
148,8/11/2014,81.23,81.87,81.03,81.48,8188008
149,8/12/2014,81.5,81.86,81.21,81.42,6591201
150,8/13/2014,81.64,81.8,81.11,81.48,5472198
151,8/14/2014,81.59,82.04,81.44,81.95,5930709
152,8/15/2014,82.23,82.23,81.18,81.78,7422986
153,8/18/2014,81.99,82.85,81.81,82.44,8450531
154,8/19/2014,82.35,82.87,82.12,82.69,6873612
155,8/20/2014,82.46,82.94,82.46,82.81,4581835
156,8/21/2014,82.8,83.47,82.69,83.28,7106490
157,8/22/2014,83.16,83.66,83.14,83.39,6978890
158,8/25/2014,83.74,83.82,83.31,83.54,5586758
159,8/26/2014,83.61,83.83,83.33,83.38,5188357
160,8/27/2014,83.43,83.6,83.16,83.31,4248518
161,8/28/2014,83.02,83.22,82.76,83.03,4283148
162,8/29/2014,83.09,83.13,82.6,83.11,4901408
163,9/2/2014,83.21,83.49,82.71,82.98,5528875
164,9/3/2014,83.26,83.48,82.77,82.9,5851788
165,9/4/2014,82.92,83.75,82.78,83.7,7444413
166,9/5/2014,83.44,83.8,83.06,83.77,5889038
167,9/8/2014,83.57,83.6,83.13,83.32,4899613
168,9/9/2014,83.05,83.29,82.83,82.99,5206752
169,9/10/2014,83.2,83.96,83.15,83.64,6722192
170,9/11/2014,83.61,83.75,83.37,83.49,6345118
171,9/12/2014,83.21,83.38,82.86,83.26,6367223
172,9/15/2014,83.18,84.25,83.14,83.87,7008544
173,9/16/2014,83.58,84.45,83.56,84.08,7146245
174,9/17/2014,84.02,84.5,83.93,84.16,8277298
175,9/18/2014,84.18,84.44,84.07,84.19,5309232
176,9/19/2014,84.52,84.77,84.18,84.47,11380809
177,9/22/2014,84.64,84.95,84.49,84.81,8397142
178,9/23/2014,84.65,84.92,84.44,84.44,7723459
179,9/24/2014,84.33,85.4,84.33,85.24,11694662
180,9/25/2014,85.02,85.13,84.33,84.33,8212325
181,9/26/2014,84.54,84.74,83.86,84.58,5482722
182,9/29/2014,84.11,84.47,83.66,84.44,6362241
183,9/30/2014,84.34,84.36,83.68,83.74,8080639
184,10/1/2014,84.02,84.04,83.03,83.14,9029128
185,10/2/2014,83.1,83.97,82.95,83.05,8858502
186,10/3/2014,83.44,83.94,82.88,83.79,6702043
187,10/6/2014,83.57,83.94,83.19,83.57,5656495
188,10/7/2014,83.38,83.92,83.12,83.16,7386318
189,10/8/2014,83.34,84.28,83.21,84.18,8110994
190,10/9/2014,84.21,84.88,83.53,83.66,7765706
191,10/10/2014,83.95,85.28,83.91,84.69,13733453
192,10/13/2014,84.31,84.47,83.31,83.37,10073580
193,10/14/2014,83.91,83.91,83.03,83.55,8210923
194,10/15/2014,82.59,83.58,81.76,82.95,13288831
195,10/16/2014,81.65,82.8,81.57,82.24,11310285
196,10/17/2014,82.95,83.48,82.03,83.27,11786627
197,10/20/2014,83.25,84.33,82.83,84.18,8558072
198,10/21/2014,84.47,84.64,83.66,84.61,12389590
199,10/22/2014,84.06,84.59,83.92,84.23,9755005
200,10/23/2014,84.26,84.33,82.3,83.23,14292357
201,10/24/2014,85.1,85.97,84.91,85.16,13465590
202,10/27/2014,84.96,86.48,84.83,85.95,10316563
203,10/28/2014,86.2,86.65,86.17,86.47,9444204
204,10/29/2014,86.67,86.67,85.91,86.54,6881448
205,10/30/2014,86.16,87,85.67,86.94,5560308
206,10/31/2014,87.08,87.36,86.71,87.27,9359840
207,11/3/2014,86.66,87.39,86.2,87.38,7782249
208,11/4/2014,87.49,88.87,87.44,88.64,10594790
209,11/5/2014,88.74,89.49,88.36,89,8462015
210,11/6/2014,89.08,89.2,88.57,88.9,6628881
211,11/7/2014,88.74,89.2,88.25,89.13,5975737
212,11/10/2014,88.92,89.5,88.26,89.45,5927052
213,11/11/2014,89.38,89.79,89.17,89.67,6346785
214,11/12/2014,89.6,89.88,89.42,89.48,6298672
215,11/13/2014,88.94,89.84,88.46,88.6,10191559
216,11/14/2014,88.7,88.89,87.93,88.11,7559371
217,11/17/2014,88,88.18,87.37,87.84,9475799
218,11/18/2014,88.02,88.18,87.49,87.95,6419641
219,11/19/2014,88.24,88.87,87.93,88.73,6570396
220,11/20/2014,88.33,88.8,88.33,88.47,5527565
221,11/21/2014,89.26,89.43,88.46,88.6,8984113
222,11/24/2014,88.88,88.89,87.86,88.11,5569245
223,11/25/2014,88.36,88.82,88.08,88.8,6439699
224,11/26/2014,88.83,88.88,88.45,88.88,4419983
225,11/28/2014,89.09,90.56,88.97,90.43,7661778
226,12/1/2014,90.17,90.67,89.52,90.08,6745137
227,12/2/2014,90.44,91.17,90.12,91.07,7432863
228,12/3/2014,90.84,90.97,89.64,90,6465627
229,12/4/2014,90.5,90.94,90.1,90.58,6410706
230,12/5/2014,90.32,90.42,89.21,90.38,6383401
231,12/8/2014,90.34,91,90.32,90.76,4723879
232,12/9/2014,90.47,90.78,89.87,90.71,5703953
233,12/10/2014,90.95,91.1,89.96,90,6293332
234,12/11/2014,90,91.28,89.98,90.41,6468676
235,12/12/2014,90.01,90.97,89.53,89.55,6574629
236,12/15/2014,89.7,90.6,89.03,89.2,6511895
237,12/16/2014,89.14,90.96,88.38,89.36,8776495
238,12/17/2014,89.56,91.16,89.4,90.7,7415365
239,12/18/2014,91.01,92,90.55,92,8724454
240,12/19/2014,92.15,92.73,91.76,92.05,14037813
241,12/22/2014,92.1,92.73,92,92.6,7157130
242,12/23/2014,92.74,93.48,92.7,93.29,5610590
243,12/24/2014,93.5,93.89,93.14,93.14,2408140
244,12/26/2014,93.15,93.81,93.06,93.46,3148746
245,12/29/2014,93.12,93.43,92.5,92.64,4657706
246,12/30/2014,92.25,92.82,92.1,92.4,4730012
247,12/31/2014,92.04,92.55,91.03,91.09,5712139
248,1/2/2015,90.84,91,89.92,90.44,7255494
249,1/5/2015,90.23,91,89.85,90.01,8626143
250,1/6/2015,90.31,90.56,89.26,89.6,7791195
251,1/7/2015,89.94,90.37,89.56,90.07,5986899
252,1/8/2015,90.48,91.22,90.13,91.1,6831617
253,1/9/2015,91.18,91.18,90.12,90.25,4873097
254,1/12/2015,90.48,90.62,89.5,89.92,5250893
255,1/13/2015,90.78,91.5,89.77,90.3,6730752
256,1/14/2015,89.73,90.16,89.43,89.99,6418158
257,1/15/2015,90.49,90.5,89.34,89.86,6768180
258,1/16/2015,89.95,91.34,89.87,91.25,8815713
259,1/20/2015,91.25,91.79,90.5,91.19,9874638
260,1/21/2015,90.4,91.19,89.63,90.73,6974533
261,1/22/2015,91.04,91.69,89.87,91.62,7211231
262,1/23/2015,91.17,91.19,89.95,90.08,6745741
263,1/26/2015,89.95,89.95,88.74,89.58,9371693
264,1/27/2015,87.1,87.21,86.02,86.49,14417363
265,1/28/2015,86.63,86.91,85.01,85.15,14033420
266,1/29/2015,85.78,86.11,85.15,85.67,12054601
267,1/30/2015,85.09,85.22,84.25,84.29,14685250
268,2/2/2015,84.58,85.14,83.68,85.12,10278739
269,2/3/2015,85.95,86,85.12,85.95,10747897
270,2/4/2015,85.89,86.48,85.55,85.79,9212785
271,2/5/2015,86.24,86.78,86.1,86.7,6531298
272,2/6/2015,86.56,86.61,85.15,85.61,8429773
273,2/9/2015,85.31,85.43,84.59,85.05,8811512
274,2/10/2015,85.33,85.57,84.82,85.39,7059632
275,2/11/2015,85.95,86.2,85.14,85.64,7184577
276,2/12/2015,86.06,86.15,85.41,86.03,6074566
277,2/13/2015,86.03,86.15,85.5,85.9,6272049
278,2/17/2015,86.06,86.06,85,85.49,10310422
279,2/18/2015,85.76,86.39,85.52,86.26,8132286
280,2/19/2015,86.11,86.3,85.05,85.21,7271618
281,2/20/2015,84.95,85.05,84.19,84.87,9581338
282,2/23/2015,84.96,85.5,84.65,85.39,7919155
283,2/24/2015,85.51,85.74,85.01,85.5,6502170
284,2/25/2015,85.7,85.8,85.24,85.46,5975834
285,2/26/2015,85.42,85.76,84.89,85.17,7964477
286,2/27/2015,85.02,85.38,84.57,85.13,7685024
287,3/2/2015,85.02,85.41,84.84,85.41,7235172
288,3/3/2015,85.35,85.44,84.54,85.16,6095591
289,3/4/2015,85.04,85.24,84.21,84.35,7369986
290,3/5/2015,84.62,84.76,84.09,84.63,5914196
291,3/6/2015,84.34,84.37,82.37,82.66,11338662
292,3/9/2015,82.79,83.21,82.68,83.09,7326705
293,3/10/2015,82.47,82.88,81.54,81.54,9681416
294,3/11/2015,81.53,81.78,80.81,81.39,10066594
295,3/12/2015,81.59,82.12,81.51,82.09,6951122
296,3/13/2015,81.98,82.28,81.15,81.83,7492548
297,3/16/2015,82.08,83.95,81.99,83.56,15618256
298,3/17/2015,83.36,83.37,82.43,82.85,7509338
299,3/18/2015,82.86,84.05,82.02,83.75,12607899
300,3/19/2015,83.46,83.75,83.12,83.38,9257503
301,3/20/2015,83.99,84.79,83.77,84.74,22580280
302,3/23/2015,84.37,85.05,84.36,84.86,9891106
303,3/24/2015,84.89,85.11,83.87,83.92,7478791
304,3/25/2015,84.37,84.37,82.86,83.01,8482161
305,3/26/2015,82.58,82.61,81.95,82.15,7311649
306,3/27/2015,82.08,82.54,81.99,82.31,6441403
307,3/30/2015,82.63,82.95,82.15,82.72,6416848
308,3/31/2015,82.76,82.93,81.94,81.94,8649658
309,4/1/2015,82.44,82.45,81.45,82.32,7395287
310,4/2/2015,82.17,82.59,81.92,82.43,6169838
311,4/6/2015,81.92,83.22,81.51,83.04,6856344
312,4/7/2015,82.93,83.29,82.33,82.39,6330163
313,4/8/2015,82.3,83.18,82.27,82.77,6523404
314,4/9/2015,82.63,82.95,82.01,82.89,6184986
315,4/10/2015,82.8,83.63,82.72,83.35,7001674
316,4/13/2015,83,83.95,82.94,83.43,8290458
317,4/14/2015,83.39,83.88,83.05,83.6,6792597
318,4/15/2015,83.85,84.2,83.48,83.51,7006392
319,4/16/2015,83.56,84.07,83.35,83.5,7615906
320,4/17/2015,83,83.22,82.03,82.53,9533805
321,4/20/2015,83.09,83.98,82.8,82.87,7415988
322,4/21/2015,83.39,83.8,82.9,83.08,7696424
323,4/22/2015,83.22,83.34,82.6,83.09,6753101
324,4/23/2015,81.42,82.1,80.9,80.95,14569488
325,4/24/2015,81.04,81.53,80.9,81,8785471
326,4/27/2015,80.91,81.2,80.47,80.6,9192250
327,4/28/2015,80.73,80.82,80.19,80.42,8395450
328,4/29/2015,80,80.31,79.72,79.85,11858459
329,4/30/2015,79.95,80.15,79.07,79.51,9409334
330,5/1/2015,79.76,80.32,79.63,80.29,8192966
331,5/4/2015,80.48,80.97,80.3,80.35,7203759
332,5/5/2015,80.5,80.65,79.78,80.07,6589434
333,5/6/2015,80.34,80.58,79.52,80.4,7335742
334,5/7/2015,80.37,80.55,80,80.2,7224338
335,5/8/2015,80.89,81.21,80.82,80.96,6929376
336,5/11/2015,80.95,80.99,80.26,80.27,5237754
337,5/12/2015,80.03,80.29,79.36,79.95,6305837
338,5/13/2015,80.16,80.59,79.55,79.7,6459854
339,5/14/2015,80.11,80.69,80.09,80.57,5634158
340,5/15/2015,80.83,81.12,80.73,81.05,7454848
341,5/18/2015,80.97,81.13,80.5,80.74,5590781
342,5/19/2015,80.75,80.95,80.33,80.83,5729453
343,5/20/2015,80.93,81,80.45,80.48,5486969
344,5/21/2015,80.17,80.58,79.84,80.41,6055727
345,5/22/2015,80.24,80.4,79.92,79.95,6003623
346,5/26/2015,79.97,80.07,78.94,79.14,6698256
347,5/27/2015,79.22,79.94,79.09,79.39,8094560
348,5/28/2015,79.43,79.45,79.02,79.33,5803445
349,5/29/2015,79.18,79.24,78.19,78.39,12551704
350,6/1/2015,78.65,79.07,78.27,78.85,7588036
351,6/2/2015,78.46,78.72,78.17,78.54,7380764
352,6/3/2015,78.91,78.93,78.27,78.56,5985813
353,6/4/2015,78.41,78.84,78.06,78.15,7714574
354,6/5/2015,78.04,78.12,77.37,77.43,9439700
355,6/8/2015,77.48,77.98,77.1,77.71,10916201
356,6/9/2015,77.97,79.33,77.82,78.9,11528875
357,6/10/2015,79.23,79.79,79.01,79.54,9483534
358,6/11/2015,79.93,79.93,79.24,79.41,7633332
359,6/12/2015,79.17,79.32,78.57,78.87,6508632
360,6/15/2015,78.33,78.46,77.93,78.12,7527947
361,6/16/2015,79.6,79.6,78.54,79.1,8285671
362,6/17/2015,79.2,80.19,79.16,80.08,9305776
363,6/18/2015,80.33,81.22,80.3,80.82,10712462
364,6/19/2015,80.71,81.2,80.48,80.54,15598811
365,6/22/2015,80.92,81.18,80.33,80.45,6907940
366,6/23/2015,80.33,80.45,79.62,79.79,7190628
367,6/24/2015,79.8,79.85,79.5,79.51,8843732
368,6/25/2015,79.71,79.9,79.39,79.39,5855728
369,6/26/2015,79.54,79.74,79.28,79.34,7703191
370,6/29/2015,78.95,79.37,78.26,78.32,7966240
371,6/30/2015,78.92,79.01,78.13,78.24,8451427
372,7/1/2015,78.39,79.76,78.12,79.72,8868020
373,7/2/2015,80.01,80.35,79.77,79.93,6602521
374,7/6/2015,79.61,80.22,79.5,80.05,6601218
375,7/7/2015,80.06,81.83,80.06,81.72,11690399
376,7/8/2015,81.21,81.69,80.89,80.99,6724685
377,7/9/2015,81.75,82,80.52,80.66,10419811
378,7/10/2015,81.23,81.36,80.76,80.95,6892498
379,7/13/2015,81.52,82.04,81.34,81.91,7332927
380,7/14/2015,82.04,82.46,81.98,82.04,6119504
381,7/15/2015,81.91,82.32,81.84,82.15,6673662
382,7/16/2015,82.45,82.55,82.1,82.3,6623418
383,7/17/2015,81.89,82.38,81.6,82.24,5827266
384,7/20/2015,82.09,82.35,82,82.19,5012932
385,7/21/2015,82.01,82.13,81.37,81.63,7512386
386,7/22/2015,81.03,81.3,80.67,80.83,6106378
387,7/23/2015,80.83,80.89,80.14,80.7,5380856
388,7/24/2015,80.51,80.73,80.23,80.29,5660786
389,7/27/2015,79.83,80.07,79.42,79.97,8613558
390,7/28/2015,80.14,80.66,79.91,80.23,8649935
391,7/29/2015,80.26,80.99,80.16,80.62,8921525
392,7/30/2015,79.4,79.48,77.15,77.39,22067809
393,7/31/2015,77.63,77.74,76.66,76.7,11877236
394,8/3/2015,76.51,77.09,76.01,76.4,9511261
395,8/4/2015,76.03,76.34,75.75,75.91,13369071
396,8/5/2015,76.05,76.54,75.75,75.77,10895393
397,8/6/2015,76.01,76.01,75.25,75.74,9353287
398,8/7/2015,75.59,75.72,75.34,75.48,10045380
399,8/10/2015,75.95,76.5,75.8,76.38,9165893
400,8/11/2015,76.04,76.45,75.81,76.22,7491871
401,8/12/2015,75.89,76.43,75.34,76.39,10484495
402,8/13/2015,76.49,76.51,75.63,75.78,5948007
403,8/14/2015,75.74,75.81,75.38,75.62,5586878
404,8/17/2015,75.81,75.81,74.75,75.53,8683913
405,8/18/2015,75.58,75.8,75,75.13,7445886
406,8/19/2015,74.93,74.93,74.02,74.12,9865255
407,8/20/2015,73.75,74.72,73.46,73.91,10687908
408,8/21/2015,73.55,73.9,71.83,71.84,15349553
409,8/24/2015,68.57,71.07,65.02,69.14,23485324
410,8/25/2015,72.18,72.23,68.3,68.42,21009531
411,8/26/2015,69.9,71,68.95,70.9,17427493
412,8/27/2015,71.4,71.75,70.02,71.48,12984476
413,8/28/2015,71.17,71.27,70.59,71.21,10010984
414,8/31/2015,71,71,70.3,70.67,9478795
415,9/1/2015,69.37,69.88,68.52,68.9,15317338
416,9/2/2015,69.65,69.85,69.22,69.81,8877884
417,9/3/2015,70.18,70.46,69.7,69.93,8189897
418,9/4/2015,69.28,69.28,68.5,68.76,11476316
419,9/8/2015,70.31,70.44,69.56,69.98,9151792
420,9/9/2015,70.44,70.54,68.37,68.48,10978618
421,9/10/2015,68.12,68.95,67.75,68.32,12526904
422,9/11/2015,68.06,68.51,67.73,68.42,10655108
423,9/14/2015,68.23,68.3,67.33,68.06,9670868
424,9/15/2015,68.02,69.74,67.9,69.45,11015057
425,9/16/2015,70.12,70.36,69.7,70.1,8694102
426,9/17/2015,70,71.27,69.86,70.24,10878730
427,9/18/2015,69.44,70.78,69.37,69.94,18140465
428,9/21/2015,70.15,70.88,70.01,70.65,7702409
429,9/22/2015,70.06,70.65,69.98,70.19,10159906
430,9/23/2015,70.18,70.49,69.96,70.26,5574443
431,9/24/2015,69.82,71.58,69.74,71.36,13323168
432,9/25/2015,72.39,73.38,71.95,72.67,15044775
433,9/28/2015,72.31,72.67,71.75,71.77,9180311
434,9/29/2015,71.77,72.41,71.35,72.28,8978285
435,9/30/2015,72.86,73.06,71.55,71.94,10888602
436,10/1/2015,71.76,72.18,71.4,71.95,8539089
437,10/2/2015,71.36,72.42,71.29,72.42,9049125
438,10/5/2015,72.97,73.43,72.5,73.22,9036600
439,10/6/2015,73.34,73.78,72.59,73.4,8776405
440,10/7/2015,73.72,73.87,73.32,73.72,8020239
441,10/8/2015,73.68,74.44,73.49,74.4,6850789
442,10/9/2015,74.59,74.91,74.32,74.48,6851810
443,10/12/2015,74.69,74.76,73.91,74.33,6246367
444,10/13/2015,74.24,74.28,73.66,74.11,7761199
445,10/14/2015,74.21,74.61,73.9,74.21,8303081
446,10/15/2015,74.64,74.84,74.03,74.27,8597628
447,10/16/2015,74.72,75.04,74.34,74.9,8960674
448,10/19/2015,74.65,75.19,74.53,75.16,7281819
449,10/20/2015,74.87,75.05,74.16,74.43,8528045
450,10/21/2015,73.75,74.54,73.5,73.59,8302066
451,10/22/2015,73.86,75.61,73.61,74.85,13981462
452,10/23/2015,76.76,78.45,76.31,77.03,16352180
453,10/26/2015,77,77.9,77,77.49,11454229
454,10/27/2015,77.12,77.36,76.8,77.29,9400590
455,10/28/2015,77.39,77.54,75.69,76.51,10160058
456,10/29/2015,76.75,77.19,76.24,77.02,8214643
457,10/30/2015,76.98,77.14,76.38,76.38,9504175
458,11/2/2015,76.57,76.77,76.05,76.6,7139176
459,11/3/2015,76.3,77.42,75.96,77.05,8002139
460,11/4/2015,77.03,77.14,76.51,77.06,6375743
461,11/5/2015,77.09,77.26,75.96,76.39,6808386
462,11/6/2015,75.88,76,74.7,75.57,9471605
463,11/9/2015,75.19,75.63,74.93,75.4,8599966
464,11/10/2015,75.38,76.24,75.23,75.77,6547926
465,11/11/2015,76.02,76.43,75.92,75.96,5291207
466,11/12/2015,75.67,76.01,74.66,74.66,7558483
467,11/13/2015,74.64,74.98,73.95,73.96,8426992
468,11/16/2015,74.25,75.32,74.01,75.3,7390248
469,11/17/2015,75.33,76.01,74.87,75.07,8750322
470,11/18/2015,74.98,75.96,74.81,75.9,6332167
471,11/19/2015,76.14,76.96,76.02,76.22,7776293
472,11/20/2015,76.55,76.86,75.68,75.82,9337721
473,11/23/2015,75.82,76.06,75.4,75.97,9368762
474,11/24/2015,75.62,76.69,75.61,76.45,7070704
475,11/25/2015,76.53,76.74,75.88,75.9,4266529
476,11/27/2015,75.89,76.37,75.5,75.7,2390080
477,11/30/2015,75.58,75.81,74.84,74.84,8478175
478,12/1/2015,74.87,76.22,74.87,75.94,8375751
479,12/2/2015,75.73,76.46,75.65,75.79,8101131
480,12/3/2015,75.83,76.2,75.17,75.74,11178640
481,12/4/2015,75.98,77.9,75.92,77.83,11960991
482,12/7/2015,77.54,78.5,77.54,78.37,9459974
483,12/8/2015,77.68,78.5,77.35,77.75,8312746
484,12/9/2015,77.6,78.99,77.44,77.7,10081941
485,12/10/2015,77.91,78.54,77.57,77.79,8984191
486,12/11/2015,77.51,78.33,77.11,77.78,12280492
487,12/14/2015,77.63,78.53,77.44,78.29,12131939
488,12/15/2015,78.71,80,78.48,79.68,14113427
489,12/16/2015,79.98,81.23,79.8,80.99,14102635
490,12/17/2015,80.98,81.03,80.2,80.29,9864248
491,12/18/2015,79.95,80.12,78.13,78.13,21342066
492,12/21/2015,78.63,78.98,78.15,78.95,9105763
493,12/22/2015,79.16,79.74,78.88,79.6,9872157
494,12/23/2015,79.95,80.43,79.5,79.92,8254573
495,12/24/2015,79.66,80.15,79.6,79.79,2498020
496,12/28/2015,79.74,79.97,79.47,79.92,4149999
497,12/29/2015,80.22,80.61,79.85,80.36,4406098
498,12/30/2015,80.46,80.5,80,80.07,3793159
499,12/31/2015,79.91,80.04,79.31,79.41,5077736
500,1/4/2016,78.36,78.5,77.54,78.37,11455570
501,1/5/2016,78.44,78.96,78.21,78.62,8133650
502,1/6/2016,77.67,78.28,77.12,77.86,9551003
503,1/7/2016,76.85,77.6,76.07,77.18,11973854
504,1/8/2016,77.36,77.48,75.67,75.97,9676382
505,1/11/2016,76.17,77.04,75.6,76.67,10209239
506,1/12/2016,77,77.02,75.75,76.51,8774696
507,1/13/2016,76.97,76.99,75.79,75.85,9152072
508,1/14/2016,76.1,76.95,75.88,76.15,12566751
509,1/15/2016,74.5,75.68,74.47,74.98,16948837
510,1/19/2016,75.8,76.91,75.72,76.73,13064585
511,1/20/2016,75.29,76.09,74.46,75.83,17785423
512,1/21/2016,76.02,77.18,75.41,76.72,12710299
513,1/22/2016,77.4,77.97,76.55,77.36,9458345
514,1/25/2016,77.2,77.36,76.56,76.85,9821389
515,1/26/2016,78,79.58,77.54,78.81,16373020
516,1/27/2016,78.53,79.85,78.15,78.8,10793236
517,1/28/2016,79.4,80,78.61,79.82,9892262
518,1/29/2016,79.98,82,79.83,81.69,19736994
519,2/1/2016,81.21,81.4,80.53,81.12,9581349
520,2/2/2016,80.09,80.54,79.81,80.22,9068921
521,2/3/2016,80.48,81.24,80.02,81.1,10148306
522,2/4/2016,80.85,81.1,80.33,80.7,8239828
523,2/5/2016,80.58,81.2,80.57,81.2,9879132
524,2/8/2016,80.29,82.72,80.29,82.62,16488542
525,2/9/2016,81.83,83,81.02,82.64,14193452
526,2/10/2016,82.91,83,81.46,81.62,10582230
527,2/11/2016,80.39,80.99,79.63,79.9,12230163
528,2/12/2016,80.36,81.02,79.79,80.99,9177589
529,2/16/2016,81.99,81.99,80.84,81.47,9241259
530,2/17/2016,81.65,82.83,81.51,82.45,10877563
531,2/18/2016,82.23,82.32,81.21,81.98,7700581
532,2/19/2016,81.96,82.26,81.4,81.79,7703948
533,2/22/2016,82.07,82.67,81.71,82.13,6895960
534,2/23/2016,82,82.46,81.62,81.81,5783363
535,2/24/2016,81.26,81.64,80.66,81.56,6686070
536,2/25/2016,81.7,82.34,81.47,82.34,6588651
537,2/26/2016,82.52,82.65,80.95,81.1,9280505
538,2/29/2016,81.1,81.35,80.21,80.29,10709535
539,3/1/2016,80.54,81.36,80.53,81.23,9468143
540,3/2/2016,81.58,82.66,80.85,82.55,12055328
541,3/3/2016,82.54,82.93,82.18,82.84,8747005
542,3/4/2016,82.62,83.74,82.26,83.49,9390965
543,3/7/2016,83.18,83.7,83,83.1,6782981
544,3/8/2016,82.97,83.75,82.67,83.06,7746758
545,3/9/2016,83.3,83.69,82.68,82.96,8949544
546,3/10/2016,83.13,83.23,81.75,82.28,10384968
547,3/11/2016,82.75,82.8,81.44,81.75,11053083
548,3/14/2016,81.57,81.85,80.68,81.17,12382237
549,3/15/2016,81,81.46,80.76,81.31,9297842
550,3/16/2016,81.31,81.8,80.48,81.34,9481876
551,3/17/2016,81.29,83.22,81.28,82.75,12054893
552,3/18/2016,82.86,83.5,82.44,83.15,33638101
553,3/21/2016,83.12,83.87,82.91,83.32,8617777
554,3/22/2016,83.28,83.32,82.48,82.74,7178609
555,3/23/2016,82.72,83.49,82.58,82.82,5565877
556,3/24/2016,82.46,83.12,82.43,82.89,6159546
557,3/28/2016,82.99,83.45,82.52,82.62,4988467
558,3/29/2016,82.66,83.09,82.16,82.8,6726054
559,3/30/2016,83.09,83.36,82.65,82.68,6899719
560,3/31/2016,82.75,83,82.15,82.31,6780389
561,4/1/2016,82,83.62,81.93,83.53,8027305
562,4/4/2016,83.65,83.65,83.03,83.21,5585312
563,4/5/2016,83.16,83.56,82.98,83.16,5147879
564,4/6/2016,83.14,83.84,83.08,83.81,6246398
565,4/7/2016,83.24,83.68,82.87,83.24,6635293
566,4/8/2016,83.44,83.45,82.77,83.2,5450013
567,4/11/2016,83.03,83.34,82.66,82.73,7064087
568,4/12/2016,82.71,83.21,82.45,82.83,7043261
569,4/13/2016,83.05,83.43,81.84,82.46,11729474
570,4/14/2016,81.95,82.36,81.54,82.01,6903815
571,4/15/2016,82.05,82.43,81.85,82.3,7278605
572,4/18/2016,82.29,82.99,82.02,82.83,5621415
573,4/19/2016,82.91,83.7,82.85,83.28,6514244
574,4/20/2016,83.29,83.34,81.48,81.55,9122662
575,4/21/2016,81.04,81.31,80.55,80.8,8800743
576,4/22/2016,80.4,80.95,79.91,80.95,8023201
577,4/25/2016,80.92,81.48,80.42,81.41,7642233
578,4/26/2016,81.5,81.5,79.21,79.55,13650130
579,4/27/2016,79.47,80.15,79.1,79.89,7686865
580,4/28/2016,79.48,80.26,79.39,79.76,7615570
581,4/29/2016,79.67,80.15,79.37,80.12,9387282
582,5/2/2016,80.02,81.3,80.02,80.97,7852602
583,5/3/2016,80.8,81.7,80.69,81.1,7573016
584,5/4/2016,80.87,81.77,80.87,81.6,7338387
585,5/5/2016,81.6,82.09,80.92,81.3,6399767
586,5/6/2016,81.42,82.25,81.17,82.13,6297229
587,5/9/2016,82.21,82.73,81.96,82.12,6718307
588,5/10/2016,82.15,82.68,82.12,82.48,6222938
589,5/11/2016,82.5,82.88,82.13,82.15,5947506
590,5/12/2016,82.48,82.74,82.11,82.41,4920688
591,5/13/2016,82.42,82.42,81,81.23,6531097
592,5/16/2016,81.01,81.89,80.75,81.63,6493231
593,5/17/2016,81.64,82.06,80.32,80.62,10185921
594,5/18/2016,80.59,80.77,79.41,79.85,8325225
595,5/19/2016,79.64,80.22,79.45,80.19,6234760
596,5/20/2016,80.44,80.5,79.79,80.02,6524983
597,5/23/2016,80.05,80.33,79.85,80.2,5617116
598,5/24/2016,80.3,81.38,80.3,80.97,6292352
599,5/25/2016,81.08,81.78,81.01,81.48,6049308
600,5/26/2016,81.48,81.6,81.09,81.22,4620036
601,5/27/2016,81.27,81.66,81.16,81.43,4321975
602,5/31/2016,81.58,81.82,80.74,81.04,6705032
603,6/1/2016,80.95,81.8,80.86,81.79,6184108
604,6/2/2016,81.53,81.95,81.33,81.95,5186323
605,6/3/2016,81.93,82.49,81.78,82.47,6306719
606,6/6/2016,82.4,82.83,82.23,82.77,5292348
607,6/7/2016,82.76,82.89,82.25,82.32,6327475
608,6/8/2016,82.37,82.75,82.02,82.65,4712567
609,6/9/2016,82.58,83.26,82.43,83.17,6144895
610,6/10/2016,82.77,83.34,82.61,83.2,6840768
611,6/13/2016,82.96,83.4,82.53,82.57,6167444
612,6/14/2016,82.55,83.37,82.27,83.35,6868619
613,6/15/2016,83.4,83.5,82.82,82.95,7082203
614,6/16/2016,82.67,83.61,82.66,83.41,6630088
615,6/17/2016,83.31,83.44,82.35,83.13,11741742
616,6/20/2016,83.52,83.7,83.03,83.04,6164326
617,6/21/2016,83.09,83.78,83.09,83.41,6594737
618,6/22/2016,83.5,83.76,83.29,83.57,4940053
619,6/23/2016,83.81,84.21,83.57,84.21,7361265
620,6/24/2016,82.61,83.82,81.99,82.26,12401053
621,6/27/2016,81.83,81.89,81,81.23,9619036
622,6/28/2016,81.44,82.49,80.95,82.46,9257100
623,6/29/2016,82.96,83.91,82.91,83.91,7927516
624,6/30/2016,83.91,84.8,83.82,84.67,10969296
625,7/1/2016,84.52,84.99,84.51,84.78,9531106
626,7/5/2016,84.48,85.95,84.45,85.44,11403103
627,7/6/2016,85.37,85.5,84.74,85.03,8356546
628,7/7/2016,85.23,85.24,84.52,84.83,7905843
629,7/8/2016,84.98,85.9,84.77,85.77,6827349
630,7/11/2016,85.61,85.95,84.91,85.75,6156824
631,7/12/2016,85.49,85.94,85.19,85.75,6649847
632,7/13/2016,85.81,86.15,85.41,85.89,7572148
633,7/14/2016,86.44,86.89,85.85,85.87,11342573
634,7/15/2016,86.25,86.48,85.79,86.01,8491347
635,7/18/2016,86.02,86.05,85.7,85.93,4781778
636,7/19/2016,85.67,86.18,85.56,86.17,6078231
637,7/20/2016,85.38,85.73,85.13,85.32,6289008
638,7/21/2016,85.02,85.37,84.88,85.26,5471194
639,7/22/2016,85.5,85.98,85.45,85.72,6165618
640,7/25/2016,85.53,85.8,85.15,85.8,5605314
641,7/26/2016,85.68,86.08,85.17,85.27,5379332
642,7/27/2016,85.24,85.3,84.32,84.46,7744663
643,7/28/2016,84.42,84.98,84.4,84.81,5911575
644,7/29/2016,84.89,85.79,84.8,85.59,7520867
645,8/1/2016,85.44,86.58,85.42,86.41,10420628
646,8/2/2016,87.02,87.15,86.24,86.76,13083211
647,8/3/2016,86.51,86.72,85.46,85.97,8192124
648,8/4/2016,86.12,86.53,85.8,86.05,5564060
649,8/5/2016,86.08,86.44,85.53,85.78,6729690
650,8/8/2016,85.61,85.9,85.13,85.76,5388194
651,8/9/2016,85.86,86.34,85.68,85.99,4158784
652,8/10/2016,86.26,86.82,86,86.31,5981436
653,8/11/2016,86.7,87,86.4,86.73,7387106
654,8/12/2016,86.92,87.45,86.78,87.04,8063375
655,8/15/2016,87.52,87.57,86.99,87.02,6871164
656,8/16/2016,86.98,87.4,86.47,86.58,8071056
657,8/17/2016,86.45,87.11,85.97,86.96,6762059
658,8/18/2016,86.94,87.46,86.94,87.44,7082804
659,8/19/2016,87.2,87.41,87.05,87.31,6199917
660,8/22/2016,87.14,87.21,86.58,86.85,5921119
661,8/23/2016,87.13,87.5,87.04,87.4,5420109
662,8/24/2016,87.32,87.45,86.56,87.31,5713285
663,8/25/2016,87.3,87.94,87.04,87.9,10595473
664,8/26/2016,87.87,88.5,87.17,87.58,16408187
665,8/29/2016,87.39,88.4,87.32,88.3,8934474
666,8/30/2016,87.72,88.3,87.46,87.54,11619392
667,8/31/2016,87.75,87.85,87.02,87.31,11407806
668,9/1/2016,87.36,88.31,86.98,88.31,29793308
669,9/2/2016,88.48,88.87,88.04,88.2,17470433
670,9/6/2016,88.25,88.64,87.88,88.64,14472067
671,9/7/2016,88.31,88.41,87.71,87.95,17556418
672,9/8/2016,87.95,88.18,87.63,87.78,23465734
673,9/9/2016,87.1,87.17,86.24,86.24,21954951
674,9/12/2016,86.04,88.38,85.96,88.25,16105710
675,9/13/2016,87.55,87.91,87.01,87.05,19682706
676,9/14/2016,87.12,87.6,86.87,87.01,25397922
677,9/15/2016,86.75,88.27,86.75,88.06,13891454
678,9/16/2016,87.62,88.11,87.3,88.05,23518263
679,9/19/2016,87.92,88.95,87.25,88.37,19173907
680,9/20/2016,88.5,88.95,88.18,88.58,33986484
681,9/21/2016,88.54,88.79,86.44,87.8,55409813
682,9/22/2016,87.77,89.3,87.77,88.99,52692665
683,9/23/2016,88.63,88.94,87.49,87.76,48281375
684,9/26/2016,87.42,88.43,86.61,87.85,60276563
685,9/27/2016,88.06,88.81,87.66,88.36,65150794
686,9/28/2016,88.98,89.72,88.47,89.46,89805967
687,9/29/2016,89.16,89.27,87.54,88.23,74587460
688,9/30/2016,88.3,90.22,88.29,89.75,123735748
689,10/3/2016,89.35,89.45,88.41,88.66,26789542
690,10/4/2016,88.29,88.68,87.95,88.35,23317644
691,10/5/2016,88.48,89,88.21,88.85,64580261
692,10/6/2016,88.61,89.73,88.47,89.22,61462771
693,10/7/2016,89.01,90.05,88.3,90,20518765
694,10/10/2016,90.19,90.33,88.78,89.06,15492383
695,10/11/2016,88.83,89.12,88.2,88.54,11723100
696,10/12/2016,88.74,89.01,88.33,88.57,17118011
697,10/13/2016,88.05,88.57,87.6,88.24,11158075
698,10/14/2016,88.5,88.96,88.22,88.43,7368968
699,10/17/2016,88.43,88.65,87.71,87.83,7610568
700,10/18/2016,88.21,88.27,87.44,87.45,10749527
701,10/19/2016,86.65,86.82,85.44,85.54,12788794
702,10/20/2016,85.38,85.52,84.79,84.93,10175116
703,10/21/2016,84.41,84.86,84.24,84.33,13974139
704,10/24/2016,84.39,84.7,84.06,84.1,10573198
705,10/25/2016,87.49,88.08,86.97,86.97,20761155
706,10/26/2016,86.91,87.74,86.78,87.4,8464058
707,10/27/2016,87.51,87.6,86.45,86.58,6598279
708,10/28/2016,86.87,87.23,86.45,86.84,7021059
709,10/31/2016,87.01,87.47,86.69,86.8,8207137
710,11/1/2016,86.58,86.99,86.48,86.85,8564471
711,11/2/2016,86.77,87.41,86.56,86.74,7773237
712,11/3/2016,86.8,86.98,86.47,86.6,6899931
713,11/4/2016,86.69,86.73,85.07,85.08,9378118
714,11/7/2016,86.02,86.57,85.6,86.56,8878455
715,11/8/2016,86.77,87.69,86.59,87.46,7674604
716,11/9/2016,85.26,86.54,84.31,85.93,11972512
717,11/10/2016,85.51,85.7,82.18,82.96,22095710
718,11/11/2016,82.67,84.06,82.65,83.58,8905669
719,11/14/2016,83.56,83.78,82.76,83,12862496
720,11/15/2016,84.58,84.58,82.88,83.62,9464037
721,11/16/2016,83.98,84.2,83.17,83.19,8542909
722,11/17/2016,83.27,83.5,82.93,83.07,9078077
723,11/18/2016,82.92,83.1,81.99,82,14565456
724,11/21/2016,82.1,82.75,81.71,82.64,11482061
725,11/22/2016,83.01,83.18,82.66,82.76,7426508
726,11/23/2016,82.59,82.93,82.52,82.68,10763830
727,11/25/2016,82.99,83.46,82.95,83.46,3883098
728,11/28/2016,83.13,83.36,82.76,83.07,6990064
729,11/29/2016,83.42,83.48,82.69,82.89,6183113
730,11/30/2016,82.52,82.83,82.26,82.46,12115474
731,12/1/2016,82.21,82.32,81.18,81.86,12516920
732,12/2/2016,82.35,82.68,82.07,82.4,9079412
733,12/5/2016,82.56,83.08,82.48,82.99,8597543
734,12/6/2016,83.24,83.25,82.61,82.91,7327194
735,12/7/2016,82.74,84.28,82.71,84.18,8567706
736,12/8/2016,83.79,84.18,83.5,83.5,7522799
737,12/9/2016,83.52,84.4,83.47,84.37,8004453
738,12/12/2016,84.21,85.18,84.21,85.13,7494115
739,12/13/2016,84.67,85.36,84.53,85.18,11795940
740,12/14/2016,85.29,85.74,84.17,84.37,12292170
741,12/15/2016,84.15,84.8,83.61,84.68,8768128
742,12/16/2016,84.9,85.12,84.15,84.68,21172420
743,12/19/2016,84.75,84.98,84.32,84.71,6431223
744,12/20/2016,84.57,84.71,84.19,84.57,7485433
745,12/21/2016,84.19,84.72,84.12,84.28,6099334
746,12/22/2016,84,84.61,83.87,84.47,7864796
747,12/23/2016,84.68,85.18,84.55,84.96,5284195
748,12/27/2016,84.9,84.94,84.42,84.6,3782582
749,12/28/2016,84.4,84.63,83.94,84.07,4298812
750,12/29/2016,84.24,84.49,84.1,84.35,3718306
751,12/30/2016,84.17,84.45,83.92,84.08,6209848
752,1/3/2017,83.88,84.39,83.5,84.2,8792706
753,1/4/2017,84.45,84.6,84.24,84.5,8096650
754,1/5/2017,84.41,85.43,84.38,85.06,6852435
755,1/6/2017,84.94,85.25,84.62,85.03,4799945
756,1/9/2017,84.06,84.66,83.75,84.4,11000579
757,1/10/2017,84.34,84.43,83.24,83.49,10918153
758,1/11/2017,83.39,83.75,83.28,83.75,9572286
759,1/12/2017,83.71,83.88,83.37,83.84,6545444
760,1/13/2017,83.85,84.02,83.44,84.01,6762797
761,1/17/2017,83.9,85.58,83.88,85.21,13145073
762,1/18/2017,84.8,85.3,84.59,84.93,10521181
763,1/19/2017,84.63,85,84.28,84.7,14074464
764,1/20/2017,86.89,87.98,86.42,87.45,22944405
765,1/23/2017,87.09,87.35,86.85,86.96,9408904
766,1/24/2017,87.22,87.95,87.22,87.86,8704722
767,1/25/2017,87.84,87.9,87.06,87.16,8082874
768,1/26/2017,87.12,87.23,86.59,86.6,6542285
769,1/27/2017,86.45,86.85,86.02,86.72,9332303
770,1/30/2017,86.78,86.86,86.5,86.75,7350036
771,1/31/2017,86.63,87.66,86.53,87.6,9712432
772,2/1/2017,87.03,87.59,86.75,87.33,8291514
773,2/2/2017,87.61,88.35,87.25,87.76,8997158
774,2/3/2017,88.12,88.17,87.39,87.41,7161948
775,2/6/2017,87.5,87.78,87.13,87.4,7482993
776,2/7/2017,87.64,88.28,87.48,88.01,6646055
777,2/8/2017,88.07,88.34,87.81,88.33,6815753
778,2/9/2017,88.25,88.78,88.03,88.67,9914070
779,2/10/2017,88.56,88.73,87.96,87.97,11057552
780,2/13/2017,88.04,88.36,87.64,88.31,6905130
781,2/14/2017,88,88.22,87.23,87.86,20123406
782,2/15/2017,89.81,91.15,89.81,91.12,25847697
783,2/16/2017,90.92,91.12,90.54,90.79,12408473
784,2/17/2017,90.61,91.36,90.45,91.09,12152428
785,2/21/2017,90.58,91.8,90.58,91.67,9018703
786,2/22/2017,91.45,91.8,91.25,91.44,6749919
787,2/23/2017,91.61,91.8,90.91,91.13,7611638
788,2/24/2017,90.97,91.34,90.67,91.05,6643365
789,2/27/2017,90.53,90.91,90.06,90.89,11840268
790,2/28/2017,90.9,91.79,90.65,91.07,10535619
791,3/1/2017,91.05,91.89,90.71,91.66,8792150
792,3/2/2017,91.4,91.58,90.88,90.91,7031221
793,3/3/2017,90.8,90.82,89.89,90.5,8341071
794,3/6/2017,89.89,90.51,89.59,90.37,9533795
795,3/7/2017,90.14,90.49,90.06,90.29,5362951
796,3/8/2017,90.02,90.35,89.76,90.14,5513405
797,3/9/2017,90.14,90.49,90.1,90.34,5587379
798,3/10/2017,90.8,91.16,90.65,91.07,6797792
799,3/13/2017,91.06,91.49,90.85,91.31,7397472
800,3/14/2017,91.26,91.59,90.82,91,6686388
